gss-code,constituency-name,highly-rural,rural,urban,ruc-cluster-label
E14000530,Aldershot,0.0,0.0,1.0,Urban
E14000531,Aldridge-Brownhills,0.0,0.019660825034097634,0.9803391749659024,Urban
E14000532,Altrincham and Sale West,0.01449077371949375,0.0,0.9855092262805063,Urban
E14000533,Amber Valley,0.06337575803764875,0.10421452601552549,0.8324097159468258,Urban with rural areas
E14000534,Arundel and South Downs,0.21702156809018672,0.549330645476964,0.23364778643284925,Rural
E14000535,Ashfield,0.0,0.0,1.0,Urban
E14000536,Ashford,0.21825766083747794,0.12396117439435264,0.6577811647681694,Urban with rural areas
E14000537,Ashton-under-Lyne,0.0,0.0,1.0,Urban
E14000538,Aylesbury,0.0553375414912162,0.17000055719618878,0.774661901312595,Urban with rural areas
E14000539,Banbury,0.2419988725774309,0.07957856626783431,0.6784225611547348,Urban with rural areas
E14000540,Barking,0.0,0.0,1.0,Urban
E14000541,Barnsley Central,0.0,0.0,1.0,Urban
E14000542,Barnsley East,0.0,0.11534927430301764,0.8846507256969823,Urban
E14000543,Barrow and Furness,0.07389696138644665,0.2755608817395112,0.6505421568740422,Urban with rural areas
E14000544,Basildon and Billericay,0.0,0.0,1.0,Urban
E14000545,Basingstoke,0.016673179627458644,0.0,0.9833268203725414,Urban
E14000546,Bassetlaw,0.17644935918197382,0.1892934807754592,0.6342571600425669,Urban with rural areas
E14000547,Bath,0.0,0.0,1.0,Urban
E14000548,Batley and Spen,0.0,0.0,1.0,Urban
E14000549,Battersea,0.0,0.0,1.0,Urban
E14000550,Beaconsfield,0.047418283789178506,0.15700612445595552,0.7955755917548659,Urban with rural areas
E14000551,Beckenham,0.0,0.0,1.0,Urban
E14000552,Bedford,0.0,0.0,1.0,Urban
E14000553,Bermondsey and Old Southwark,0.0,0.0,1.0,Urban
E14000554,Berwick-upon-Tweed,0.35345821325648413,0.46773644223211946,0.17880534451139637,Sparse and rural
E14000555,Bethnal Green and Bow,0.0,0.0,1.0,Urban
E14000556,Beverley and Holderness,0.21925346548447125,0.34719527121831806,0.4335512632972107,Rural
E14000557,Bexhill and Battle,0.2500023361211045,0.28153062654768024,0.46846703733121525,Rural
E14000558,Bexleyheath and Crayford,0.0,0.0,1.0,Urban
E14000559,Birkenhead,0.0,0.0,1.0,Urban
E14000560,"Birmingham, Edgbaston",0.0,0.0,1.0,Urban
E14000561,"Birmingham, Erdington",0.0,0.0,1.0,Urban
E14000562,"Birmingham, Hall Green",0.0,0.0,1.0,Urban
E14000563,"Birmingham, Hodge Hill",0.0,0.0,1.0,Urban
E14000564,"Birmingham, Ladywood",0.0,0.0,1.0,Urban
E14000565,"Birmingham, Northfield",0.0,0.0,1.0,Urban
E14000566,"Birmingham, Perry Barr",0.0,0.0,1.0,Urban
E14000567,"Birmingham, Selly Oak",0.0,0.0,1.0,Urban
E14000568,"Birmingham, Yardley",0.0,0.0,1.0,Urban
E14000569,Bishop Auckland,0.18406679151061173,0.29841046905653645,0.5175227394328518,Rural
E14000570,Blackburn,0.0,0.0,1.0,Urban
E14000571,Blackley and Broughton,0.0,0.0,1.0,Urban
E14000572,Blackpool North and Cleveleys,0.0,0.0,1.0,Urban
E14000573,Blackpool South,0.0,0.0,1.0,Urban
E14000574,Blaydon,0.0166248070232033,0.1464895504504712,0.8368856425263255,Urban with rural areas
E14000575,Blyth Valley,0.0,0.2103638783852234,0.7896361216147766,Urban with rural areas
E14000576,Bognor Regis and Littlehampton,0.01811849271925599,0.042535847938048835,0.9393456593426952,Urban
E14000577,Bolsover,0.10290027018673792,0.3585208522347733,0.5385788775784888,Rural
E14000578,Bolton North East,0.0,0.0,1.0,Urban
E14000579,Bolton South East,0.0,0.0,1.0,Urban
E14000580,Bolton West,0.0,0.0,1.0,Urban
E14000581,Bootle,0.0,0.0,1.0,Urban
E14000582,Boston and Skegness,0.23762786839922587,0.11304948852640309,0.649322643074371,Urban with rural areas
E14000583,Bosworth,0.1212731326854143,0.22149046467649522,0.6572364026380905,Urban with rural areas
E14000584,Bournemouth East,0.0,0.0,1.0,Urban
E14000585,Bournemouth West,0.0,0.0,1.0,Urban
E14000586,Bracknell,0.0,0.0,1.0,Urban
E14000587,Bradford East,0.0,0.0,1.0,Urban
E14000588,Bradford South,0.0,0.0,1.0,Urban
E14000589,Bradford West,0.0,0.0,1.0,Urban
E14000590,Braintree,0.230917178731001,0.09218144338031503,0.676901377888684,Urban with rural areas
E14000591,Brent Central,0.0,0.0,1.0,Urban
E14000592,Brent North,0.0,0.0,1.0,Urban
E14000593,Brentford and Isleworth,0.0,0.0,1.0,Urban
E14000594,Brentwood and Ongar,0.13413440234137494,0.2789760606778858,0.5868895369807393,Rural
E14000595,Bridgwater and West Somerset,0.2464327843068723,0.23127266372493338,0.5222945519681943,Rural
E14000596,Brigg and Goole,0.2606582278481013,0.43959493670886074,0.299746835443038,Rural
E14000597,"Brighton, Kemptown",0.0,0.0,1.0,Urban
E14000598,"Brighton, Pavilion",0.0,0.0,1.0,Urban
E14000599,Bristol East,0.0,0.0,1.0,Urban
E14000600,Bristol North West,0.0,0.0,1.0,Urban
E14000601,Bristol South,0.0,0.0,1.0,Urban
E14000602,Bristol West,0.0,0.0,1.0,Urban
E14000603,Broadland,0.3515187349053484,0.46020022648240755,0.18828103861224407,Sparse and rural
E14000604,Bromley and Chislehurst,0.0,0.0,1.0,Urban
E14000605,Bromsgrove,0.1232566754437781,0.06424645327940248,0.8124968712768195,Urban with rural areas
E14000606,Broxbourne,0.0,0.052083333333333336,0.9479166666666666,Urban
E14000607,Broxtowe,0.0,0.0,1.0,Urban
E14000608,Buckingham,0.4331477611112139,0.40342537962158065,0.16342685926720552,Sparse and rural
E14000609,Burnley,0.012393162393162393,0.01839856050382366,0.9692082771030139,Urban
E14000610,Burton,0.0705938732628009,0.06384782688834004,0.8655582998488591,Urban
E14000611,Bury North,0.015809137370982582,0.017427744703495528,0.9667631179255219,Urban
E14000612,Bury South,0.01560686185992519,0.015329053765787934,0.9690640843742869,Urban
E14000613,Bury St Edmunds,0.28858800773694393,0.13918089311243798,0.5722310991506181,Urban with rural areas
E14000614,Calder Valley,0.11858661793806038,0.209905414745453,0.6715079673164867,Urban with rural areas
E14000615,Camberwell and Peckham,0.0,0.0,1.0,Urban
E14000616,Camborne and Redruth,0.19901142705288333,0.22687217645495616,0.5741163964921605,Rural
E14000617,Cambridge,0.0,0.0,1.0,Urban
E14000618,Cannock Chase,0.016633254599948393,0.07425418312459062,0.909112562275461,Urban
E14000619,Canterbury,0.09085104971642731,0.09421743889091573,0.814931511392657,Urban with rural areas
E14000620,Carlisle,0.09336388655389612,0.017882846055525488,0.8887532673905784,Urban
E14000621,Carshalton and Wallington,0.0,0.0,1.0,Urban
E14000622,Castle Point,0.0,0.0,1.0,Urban
E14000623,Central Devon,0.440534789926641,0.5463812760011433,0.013083934072215694,Sparse and rural
E14000624,Central Suffolk and North Ipswich,0.37441638782974085,0.15837288926931756,0.46721072290094157,Sparse and rural
E14000625,Charnwood,0.07576541860777208,0.11726193899656832,0.8069726423956596,Urban with rural areas
E14000626,Chatham and Aylesford,0.0,0.04674107838553841,0.9532589216144616,Urban
E14000627,Cheadle,0.0,0.0,1.0,Urban
E14000628,Chelmsford,0.0,0.0,1.0,Urban
E14000629,Chelsea and Fulham,0.0,0.0,1.0,Urban
E14000630,Cheltenham,0.0,0.0,1.0,Urban
E14000631,Chesham and Amersham,0.10997855194386023,0.1712720987859984,0.7187493492701413,Urban with rural areas
E14000632,Chesterfield,0.0,0.014705260039778257,0.9852947399602218,Urban
E14000633,Chichester,0.2353162246322345,0.2517269766276531,0.5129567987401124,Rural
E14000634,Chingford and Woodford Green,0.0,0.0,1.0,Urban
E14000635,Chippenham,0.11539929300232987,0.1150879730055435,0.7695127339921266,Urban with rural areas
E14000636,Chipping Barnet,0.0,0.0,1.0,Urban
E14000637,Chorley,0.0688727493963534,0.12906629655683785,0.8020609540468088,Urban with rural areas
E14000638,Christchurch,0.01905098504195549,0.06479159066034294,0.9161574242977015,Urban
E14000639,Cities of London and Westminster,0.0,0.0,1.0,Urban
E14000640,City of Chester,0.04444010804482011,0.05237914283073321,0.9031807491244467,Urban
E14000641,City of Durham,0.05261648471406994,0.4112574804504522,0.5361260348354779,Rural
E14000642,Clacton,0.06650849702052528,0.14003531229309205,0.7934561906863827,Urban with rural areas
E14000643,Cleethorpes,0.05686249576127501,0.21404501525940997,0.729092488979315,Urban with rural areas
E14000644,Colchester,0.0,0.0,1.0,Urban
E14000645,Colne Valley,0.019206499811159114,0.12613649971904162,0.8546570004697993,Urban with rural areas
E14000646,Congleton,0.10915052771800389,0.0891382313761656,0.8017112409058306,Urban with rural areas
E14000647,Copeland,0.20755513483088575,0.45516297395486877,0.3372818912142455,Rural
E14000648,Corby,0.14150762290230207,0.33439184757394935,0.5241005295237485,Rural
E14000649,Coventry North East,0.0,0.0,1.0,Urban
E14000650,Coventry North West,0.0,0.0,1.0,Urban
E14000651,Coventry South,0.0,0.0,1.0,Urban
E14000652,Crawley,0.0,0.0,1.0,Urban
E14000653,Crewe and Nantwich,0.07988398739616155,0.04112360355199084,0.8789924090518476,Urban
E14000654,Croydon Central,0.0,0.0,1.0,Urban
E14000655,Croydon North,0.0,0.0,1.0,Urban
E14000656,Croydon South,0.0,0.0,1.0,Urban
E14000657,Dagenham and Rainham,0.0,0.0,1.0,Urban
E14000658,Darlington,0.0,0.0,1.0,Urban
E14000659,Dartford,0.014559503323548268,0.07225765090933631,0.9131828457671154,Urban
E14000660,Daventry,0.3138291611080593,0.36083536059012794,0.32533547830181275,Rural
E14000661,Denton and Reddish,0.0,0.0,1.0,Urban
E14000662,Derby North,0.0,0.0,1.0,Urban
E14000663,Derby South,0.0,0.0,1.0,Urban
E14000664,Derbyshire Dales,0.46390187924928744,0.3403501844699727,0.19574793628073986,Sparse and rural
E14000665,Devizes,0.36056442983797005,0.4488592937939468,0.19057627636808316,Sparse and rural
E14000666,Dewsbury,0.04880077030812325,0.18640581232492998,0.7647934173669467,Urban with rural areas
E14000667,Don Valley,0.08000667786190574,0.17658034548114976,0.7434129766569445,Urban with rural areas
E14000668,Doncaster Central,0.0,0.0,1.0,Urban
E14000669,Doncaster North,0.07918854802408808,0.11620268050852613,0.8046087714673857,Urban with rural areas
E14000670,Dover,0.07971161363175724,0.152146007663279,0.7681423787049637,Urban with rural areas
E14000671,Dudley North,0.0,0.0,1.0,Urban
E14000672,Dudley South,0.0,0.0,1.0,Urban
E14000673,Dulwich and West Norwood,0.0,0.0,1.0,Urban
E14000674,Ealing Central and Acton,0.0,0.0,1.0,Urban
E14000675,Ealing North,0.0,0.0,1.0,Urban
E14000676,"Ealing, Southall",0.0,0.0,1.0,Urban
E14000677,Easington,0.024442340833515378,0.21339110172577005,0.7621665574407146,Urban with rural areas
E14000678,East Devon,0.2617208684756793,0.14984197632450022,0.5884371551998204,Urban with rural areas
E14000679,East Ham,0.0,0.0,1.0,Urban
E14000680,East Hampshire,0.21817728835517464,0.22213363894563756,0.5596890726991878,Rural
E14000681,East Surrey,0.07193215041396325,0.17680576651243646,0.7512620830736003,Urban with rural areas
E14000682,East Worthing and Shoreham,0.0,0.0,1.0,Urban
E14000683,East Yorkshire,0.22738172674582294,0.29241866741745387,0.4801996058367232,Rural
E14000684,Eastbourne,0.0,0.0,1.0,Urban
E14000685,Eastleigh,0.0,0.10045250484189105,0.899547495158109,Urban
E14000686,Eddisbury,0.3486938337685415,0.22225954297725722,0.4290466232542013,Sparse and rural
E14000687,Edmonton,0.0,0.0,1.0,Urban
E14000688,Ellesmere Port and Neston,0.0,0.05569562748438387,0.9443043725156162,Urban
E14000689,Elmet and Rothwell,0.08389585342333655,0.242477318796371,0.6736268277802925,Urban with rural areas
E14000690,Eltham,0.0,0.0,1.0,Urban
E14000691,Enfield North,0.016118597891552542,0.0,0.9838814021084474,Urban
E14000692,"Enfield, Southgate",0.0,0.0,1.0,Urban
E14000693,Epping Forest,0.060344315820718315,0.05750469971307015,0.8821509844662115,Urban
E14000694,Epsom and Ewell,0.0,0.029176098595091803,0.9708239014049082,Urban
E14000695,Erewash,0.0,0.0,1.0,Urban
E14000696,Erith and Thamesmead,0.0,0.0,1.0,Urban
E14000697,Esher and Walton,0.0,0.012179234972677595,0.9878207650273224,Urban
E14000698,Exeter,0.0,0.0,1.0,Urban
E14000699,Fareham,0.0,0.0,1.0,Urban
E14000700,Faversham and Mid Kent,0.20322235009325768,0.12743561252430652,0.6693420373824358,Urban with rural areas
E14000701,Feltham and Heston,0.0,0.0,1.0,Urban
E14000702,Filton and Bradley Stoke,0.04047215933950958,0.015180626628873628,0.9443472140316168,Urban
E14000703,Finchley and Golders Green,0.0,0.0,1.0,Urban
E14000704,Folkestone and Hythe,0.16283961881589618,0.25334549878345497,0.5838148824006488,Rural
E14000705,Forest of Dean,0.40032633215795355,0.2688298035436606,0.33084386429838586,Sparse and rural
E14000706,Fylde,0.036860688449550885,0.13308951224280902,0.8300497993076401,Urban with rural areas
E14000707,Gainsborough,0.3761906700317512,0.3756716600179109,0.24813766995033787,Sparse and rural
E14000708,Garston and Halewood,0.0,0.0,1.0,Urban
E14000709,Gateshead,0.0,0.0,1.0,Urban
E14000710,Gedling,0.0,0.03853086031646233,0.9614691396835376,Urban
E14000711,Gillingham and Rainham,0.0,0.0,1.0,Urban
E14000712,Gloucester,0.0,0.0,1.0,Urban
E14000713,Gosport,0.0,0.0,1.0,Urban
E14000714,Grantham and Stamford,0.15578315727437517,0.10761771245390173,0.7365991302717231,Urban with rural areas
E14000715,Gravesham,0.054339389745555876,0.12056405988460711,0.825096550369837,Urban with rural areas
E14000716,Great Grimsby,0.0,0.0,1.0,Urban
E14000717,Great Yarmouth,0.055518643794797456,0.2803011999677861,0.6641801562374164,Urban with rural areas
E14000718,Greenwich and Woolwich,0.0,0.0,1.0,Urban
E14000719,Guildford,0.09099761303609745,0.040354339190155714,0.8686480477737468,Urban
E14000720,Hackney North and Stoke Newington,0.0,0.0,1.0,Urban
E14000721,Hackney South and Shoreditch,0.0,0.0,1.0,Urban
E14000722,Halesowen and Rowley Regis,0.0,0.0,1.0,Urban
E14000723,Halifax,0.0,0.0,1.0,Urban
E14000724,Haltemprice and Howden,0.11865496298266613,0.1855632397925256,0.6957817972248083,Urban with rural areas
E14000725,Halton,0.0,0.018499028497409326,0.9815009715025906,Urban
E14000726,Hammersmith,0.0,0.0,1.0,Urban
E14000727,Hampstead and Kilburn,0.0,0.0,1.0,Urban
E14000728,Harborough,0.0838442187645579,0.1421503773409112,0.7740054038945309,Urban with rural areas
E14000729,Harlow,0.02235077301116003,0.02414252073308078,0.9535067062557592,Urban
E14000730,Harrogate and Knaresborough,0.07310162082704731,0.059001586012146535,0.8678967931608061,Urban
E14000731,Harrow East,0.0,0.0,1.0,Urban
E14000732,Harrow West,0.0,0.0,1.0,Urban
E14000733,Hartlepool,0.026862261512016483,0.0,0.9731377384879835,Urban
E14000734,Harwich and North Essex,0.2538448068068274,0.504362426477405,0.24179276671576758,Rural
E14000735,Hastings and Rye,0.09075189047772642,0.07904168010608179,0.8302064294161918,Urban with rural areas
E14000736,Havant,0.027729707884728973,0.0,0.972270292115271,Urban
E14000737,Hayes and Harlington,0.0,0.0,1.0,Urban
E14000738,Hazel Grove,0.0,0.0,1.0,Urban
E14000739,Hemel Hempstead,0.03406121687196715,0.029507278835386338,0.9364315042926465,Urban
E14000740,Hemsworth,0.04767422116124135,0.44850524885883514,0.5038205299799234,Rural
E14000741,Hendon,0.0,0.0,1.0,Urban
E14000742,Henley,0.34656213624108323,0.30150328813188343,0.35193457562703334,Sparse and rural
E14000743,Hereford and South Herefordshire,0.2848271314548908,0.0,0.7151728685451092,Urban with rural areas
E14000744,Hertford and Stortford,0.06829910296817096,0.03088525612163613,0.900815640910193,Urban
E14000745,Hertsmere,0.024495086685919615,0.1190442150611424,0.856460698252938,Urban with rural areas
E14000746,Hexham,0.34498001773345843,0.21394518048291547,0.4410748017836261,Sparse and rural
E14000747,Heywood and Middleton,0.0,0.0,1.0,Urban
E14000748,High Peak,0.1353355060108346,0.16759113374916365,0.6970733602400018,Urban with rural areas
E14000749,Hitchin and Harpenden,0.10682305219654065,0.11267794275218124,0.7804990050512781,Urban with rural areas
E14000750,Holborn and St Pancras,0.0,0.0,1.0,Urban
E14000751,Hornchurch and Upminster,0.0,0.0,1.0,Urban
E14000752,Hornsey and Wood Green,0.0,0.0,1.0,Urban
E14000753,Horsham,0.16511266173671998,0.2373152356207475,0.5975721026425326,Urban with rural areas
E14000754,Houghton and Sunderland South,0.0,0.019112689963567853,0.9808873100364321,Urban
E14000755,Hove,0.0,0.0,1.0,Urban
E14000756,Huddersfield,0.0,0.0,1.0,Urban
E14000757,Huntingdon,0.1274841577917123,0.2415729405129226,0.6309429016953652,Urban with rural areas
E14000758,Hyndburn,0.0,0.06905076693216386,0.9309492330678362,Urban
E14000759,Ilford North,0.0,0.0,1.0,Urban
E14000760,Ilford South,0.0,0.0,1.0,Urban
E14000761,Ipswich,0.0,0.0,1.0,Urban
E14000762,Isle of Wight,0.08766249797208174,0.21199681175980983,0.7003406902681084,Urban with rural areas
E14000763,Islington North,0.0,0.0,1.0,Urban
E14000764,Islington South and Finsbury,0.0,0.0,1.0,Urban
E14000765,Jarrow,0.0,0.0,1.0,Urban
E14000766,Keighley,0.015749240168237498,0.1391541051382024,0.8450966546935601,Urban with rural areas
E14000767,Kenilworth and Southam,0.27204382539775046,0.32729180022145815,0.40066437438079144,Rural
E14000768,Kensington,0.0,0.0,1.0,Urban
E14000769,Kettering,0.048390583241628676,0.14545668919981136,0.8061527275585599,Urban with rural areas
E14000770,Kingston and Surbiton,0.0,0.0,1.0,Urban
E14000771,Kingston upon Hull East,0.0,0.0,1.0,Urban
E14000772,Kingston upon Hull North,0.0,0.0,1.0,Urban
E14000773,Kingston upon Hull West and Hessle,0.0,0.0,1.0,Urban
E14000774,Kingswood,0.0,0.0,1.0,Urban
E14000775,Knowsley,0.0,0.0,1.0,Urban
E14000776,Lancaster and Fleetwood,0.16087635247887172,0.11731711255854013,0.7218065349625882,Urban with rural areas
E14000777,Leeds Central,0.0,0.0,1.0,Urban
E14000778,Leeds East,0.0,0.0,1.0,Urban
E14000779,Leeds North East,0.0,0.0,1.0,Urban
E14000780,Leeds North West,0.0,0.07608984046050735,0.9239101595394926,Urban
E14000781,Leeds West,0.0,0.0,1.0,Urban
E14000782,Leicester East,0.0,0.0,1.0,Urban
E14000783,Leicester South,0.0,0.0,1.0,Urban
E14000784,Leicester West,0.0,0.0,1.0,Urban
E14000785,Leigh,0.0,0.03353784014012385,0.9664621598598762,Urban
E14000786,Lewes,0.17484594016411764,0.1342848324233426,0.6908692274125398,Urban with rural areas
E14000787,Lewisham East,0.0,0.0,1.0,Urban
E14000788,Lewisham West and Penge,0.0,0.0,1.0,Urban
E14000789,"Lewisham, Deptford",0.0,0.0,1.0,Urban
E14000790,Leyton and Wanstead,0.0,0.0,1.0,Urban
E14000791,Lichfield,0.11250915316467446,0.23612586503852065,0.6513649817968049,Urban with rural areas
E14000792,Lincoln,0.0,0.08471068898734513,0.9152893110126549,Urban
E14000793,"Liverpool, Riverside",0.0,0.0,1.0,Urban
E14000794,"Liverpool, Walton",0.0,0.0,1.0,Urban
E14000795,"Liverpool, Wavertree",0.0,0.0,1.0,Urban
E14000796,"Liverpool, West Derby",0.0,0.0,1.0,Urban
E14000797,Loughborough,0.029230354252832224,0.020365042258586586,0.9504046034885812,Urban
E14000798,Louth and Horncastle,0.3712063337731787,0.300556586270872,0.3282370799559493,Sparse and rural
E14000799,Ludlow,0.4015836061039141,0.26360011064496797,0.33481628325111795,Sparse and rural
E14000800,Luton North,0.0,0.0,1.0,Urban
E14000801,Luton South,0.0,0.05616196007744175,0.9438380399225582,Urban
E14000802,Macclesfield,0.12103518340284461,0.0,0.8789648165971554,Urban
E14000803,Maidenhead,0.06784583632950757,0.14283579720025028,0.7893183664702421,Urban with rural areas
E14000804,Maidstone and The Weald,0.11165970375996961,0.18570162588392744,0.702638670356103,Urban with rural areas
E14000805,Makerfield,0.0,0.016560829199559923,0.9834391708004401,Urban
E14000806,Maldon,0.2266240796881767,0.24484625378951927,0.528529666522304,Rural
E14000807,Manchester Central,0.0,0.0,1.0,Urban
E14000808,"Manchester, Gorton",0.0,0.0,1.0,Urban
E14000809,"Manchester, Withington",0.0,0.0,1.0,Urban
E14000810,Mansfield,0.0,0.12788963801194733,0.8721103619880527,Urban
E14000811,Meon Valley,0.197196164269335,0.22968521992912236,0.5731186158015427,Rural
E14000812,Meriden,0.030074263944240596,0.16040485261328324,0.8095208834424762,Urban with rural areas
E14000813,Mid Bedfordshire,0.21251152354281538,0.42109199700822736,0.3663964794489572,Rural
E14000814,Mid Derbyshire,0.0,0.0,1.0,Urban
E14000815,Mid Dorset and North Poole,0.015219089980164692,0.16157961170884175,0.8232012983109935,Urban with rural areas
E14000816,Mid Norfolk,0.3854252359340771,0.14461996358157633,0.46995480048434657,Sparse and rural
E14000817,Mid Sussex,0.08447602317715844,0.03875968992248062,0.8767642869003609,Urban
E14000818,Mid Worcestershire,0.31580847425422764,0.16987459623788714,0.5143169295078852,Rural
E14000819,Middlesbrough,0.0,0.0,1.0,Urban
E14000820,Middlesbrough South and East Cleveland,0.015175006371591198,0.3115070937048679,0.6733178999235409,Urban with rural areas
E14000821,Milton Keynes North,0.07529168692270297,0.07006562955760817,0.8546426835196889,Urban
E14000822,Milton Keynes South,0.009085037987359317,0.0,0.9909149620126407,Urban
E14000823,Mitcham and Morden,0.0,0.0,1.0,Urban
E14000824,Mole Valley,0.3228345646492293,0.13443294301648387,0.5427324923342869,Urban with rural areas
E14000825,Morecambe and Lunesdale,0.10452632864454386,0.19478645098975275,0.7006872203657034,Urban with rural areas
E14000826,Morley and Outwood,0.014696408439362216,0.0,0.9853035915606377,Urban
E14000827,New Forest East,0.09514662568830837,0.1376936867716737,0.767159687540018,Urban with rural areas
E14000828,New Forest West,0.12535599342425155,0.1924679895343722,0.6821760170413763,Urban with rural areas
E14000829,Newark,0.28363864277371015,0.24693503508921874,0.46942632213707114,Rural
E14000830,Newbury,0.20938164026927128,0.14138528293127153,0.6492330767994572,Urban with rural areas
E14000831,Newcastle upon Tyne Central,0.0,0.0,1.0,Urban
E14000832,Newcastle upon Tyne East,0.0,0.0,1.0,Urban
E14000833,Newcastle upon Tyne North,0.018783132267283318,0.07919020921049762,0.9020266585222191,Urban
E14000834,Newcastle-under-Lyme,0.09497525092083461,0.06317611423626136,0.8418486348429041,Urban with rural areas
E14000835,Newton Abbot,0.04843773519987958,0.13910930477603595,0.8124529600240845,Urban with rural areas
E14000836,"Normanton, Pontefract and Castleford",0.026147006776295913,0.0,0.9738529932237041,Urban
E14000837,North Cornwall,0.47444352844187965,0.35179783118777347,0.17375864037034688,Sparse and rural
E14000838,North Devon,0.2944567399248546,0.2579134283802563,0.44762983169488907,Rural
E14000839,North Dorset,0.4089068415016594,0.19868873755467822,0.3924044209436624,Sparse and rural
E14000840,North Durham,0.015707043273583198,0.14332111171464784,0.8409718450117689,Urban with rural areas
E14000841,North East Bedfordshire,0.23378709021045463,0.39223764640595965,0.3739752633835857,Rural
E14000842,North East Cambridgeshire,0.1366554138326709,0.1967970997621938,0.6665474864051353,Urban with rural areas
E14000843,North East Derbyshire,0.061205876285301684,0.030803808944722528,0.9079903147699758,Urban
E14000844,North East Hampshire,0.20918332470728396,0.23721961270665898,0.553597062586057,Rural
E14000845,North East Hertfordshire,0.2348105191646893,0.15309106304212983,0.6120984177931809,Urban with rural areas
E14000846,North East Somerset,0.2448438266899195,0.1581261291366869,0.5970300441733937,Urban with rural areas
E14000847,North Herefordshire,0.5796012808141064,0.22224537240108783,0.19815334678480567,Sparse and rural
E14000848,North Norfolk,0.49260240193616145,0.36011918352436184,0.14727841453947668,Sparse and rural
E14000849,North Shropshire,0.4029307658359528,0.30483927622513035,0.2922299579389169,Sparse and rural
E14000850,North Somerset,0.12481963888780565,0.06555395234566938,0.809626408766525,Urban with rural areas
E14000851,North Swindon,0.0,0.07179936150832604,0.928200638491674,Urban
E14000852,North Thanet,0.05801124349891273,0.05368219578919943,0.8883065607118878,Urban
E14000853,North Tyneside,0.0,0.07172871087797715,0.9282712891220228,Urban
E14000854,North Warwickshire,0.1289332964059737,0.3362981742261233,0.534768529367903,Rural
E14000855,North West Cambridgeshire,0.1499992602127628,0.35580067172681135,0.4942000680604258,Rural
E14000856,North West Durham,0.12738269601593205,0.5369271782767668,0.3356901257073011,Rural
E14000857,North West Hampshire,0.20992870345920253,0.1872558571519627,0.6028154393888348,Urban with rural areas
E14000858,North West Leicestershire,0.16197121927208502,0.2929708235612049,0.5450579571667101,Rural
E14000859,North West Norfolk,0.28038253995883805,0.22205953124520034,0.4975579287959616,Rural
E14000860,North Wiltshire,0.40909517307511906,0.22492990483734795,0.36597492208753296,Sparse and rural
E14000861,Northampton North,0.0,0.0,1.0,Urban
E14000862,Northampton South,0.0,0.0,1.0,Urban
E14000863,Norwich North,0.0,0.0,1.0,Urban
E14000864,Norwich South,0.0,0.0,1.0,Urban
E14000865,Nottingham East,0.0,0.0,1.0,Urban
E14000866,Nottingham North,0.0,0.0,1.0,Urban
E14000867,Nottingham South,0.0,0.0,1.0,Urban
E14000868,Nuneaton,0.013554264339676169,0.03136393725111113,0.9550817984092127,Urban
E14000869,Old Bexley and Sidcup,0.0,0.0,1.0,Urban
E14000870,Oldham East and Saddleworth,0.01248568264215598,0.0,0.987514317357844,Urban
E14000871,Oldham West and Royton,0.0,0.0,1.0,Urban
E14000872,Orpington,0.0356906807666887,0.0,0.9643093192333113,Urban
E14000873,Oxford East,0.0,0.0,1.0,Urban
E14000874,Oxford West and Abingdon,0.02935370900986947,0.0547687269750307,0.9158775640150998,Urban
E14000875,Pendle,0.03753039777661977,0.08023927392739275,0.8822303282959875,Urban
E14000876,Penistone and Stocksbridge,0.10534004759006142,0.07168391345249295,0.8229760389574456,Urban with rural areas
E14000877,Penrith and The Border,0.570039684932994,0.2174830826387465,0.21247723242825953,Sparse and rural
E14000878,Peterborough,0.012395167250409692,0.0628353844670801,0.9247694482825102,Urban
E14000879,"Plymouth, Moor View",0.0,0.0,1.0,Urban
E14000880,"Plymouth, Sutton and Devonport",0.0,0.0,1.0,Urban
E14000881,Poole,0.0,0.0,1.0,Urban
E14000882,Poplar and Limehouse,0.0,0.0,1.0,Urban
E14000883,Portsmouth North,0.0,0.0,1.0,Urban
E14000884,Portsmouth South,0.0,0.0,1.0,Urban
E14000885,Preston,0.0,0.0,1.0,Urban
E14000886,Pudsey,0.0,0.0,1.0,Urban
E14000887,Putney,0.0,0.0,1.0,Urban
E14000888,Rayleigh and Wickford,0.024843378699503132,0.0,0.9751566213004969,Urban
E14000889,Reading East,0.0,0.0,1.0,Urban
E14000890,Reading West,0.0,0.031412856055716636,0.9685871439442834,Urban
E14000891,Redcar,0.01591116173120729,0.1152619589977221,0.8688268792710706,Urban
E14000892,Redditch,0.05989989242826722,0.01929705165638515,0.9208030559153476,Urban
E14000893,Reigate,0.0,0.017613201024088504,0.9823867989759115,Urban
E14000894,Ribble Valley,0.1774414322149898,0.220977065259136,0.6015815025258742,Urban with rural areas
E14000895,Richmond (Yorks),0.3785371451470414,0.3299028224300768,0.2915600324228818,Sparse and rural
E14000896,Richmond Park,0.0,0.0,1.0,Urban
E14000897,Rochdale,0.0,0.0,1.0,Urban
E14000898,Rochester and Strood,0.05410923493484985,0.204712541951087,0.7411782231140631,Urban with rural areas
E14000899,Rochford and Southend East,0.03169199024573251,0.04244982179703621,0.9258581879572313,Urban
E14000900,Romford,0.0,0.0,1.0,Urban
E14000901,Romsey and Southampton North,0.23034832365163282,0.07560429040750169,0.6940473859408655,Urban with rural areas
E14000902,Rossendale and Darwen,0.030475342493473907,0.050944007123054816,0.9185806503834713,Urban
E14000903,Rother Valley,0.0,0.2264982137839682,0.7735017862160318,Urban with rural areas
E14000904,Rotherham,0.0,0.0,1.0,Urban
E14000905,Rugby,0.09584276855753338,0.07568244140606338,0.8284747900364032,Urban with rural areas
E14000906,"Ruislip, Northwood and Pinner",0.014596746952186953,0.06418064753871823,0.9212226055090948,Urban
E14000907,Runnymede and Weybridge,0.0,0.0,1.0,Urban
E14000908,Rushcliffe,0.10386221294363257,0.382429983850002,0.5137078032063654,Rural
E14000909,Rutland and Melton,0.3562361034567948,0.19552079968073582,0.4482430968624694,Sparse and rural
E14000910,Saffron Walden,0.3439132942503207,0.4484130058624519,0.20767369988722742,Sparse and rural
E14000911,Salford and Eccles,0.0,0.0,1.0,Urban
E14000912,Salisbury,0.29678388316329174,0.10889222642291159,0.5943238904137966,Urban with rural areas
E14000913,Scarborough and Whitby,0.17001348333110328,0.06532725382628117,0.7646592628426155,Urban with rural areas
E14000914,Scunthorpe,0.04994706022169883,0.08813932885325958,0.8619136109250416,Urban
E14000915,Sedgefield,0.07146309547667606,0.6094050243436642,0.31913188017965977,Rural
E14000916,Sefton Central,0.0,0.02401762672250085,0.9759823732774991,Urban
E14000917,Selby and Ainsty,0.36717272987682614,0.3495369044208918,0.28329036570228205,Sparse and rural
E14000918,Sevenoaks,0.15885427299824426,0.19605161079580255,0.6450941162059532,Urban with rural areas
E14000919,Sheffield Central,0.0,0.0,1.0,Urban
E14000920,Sheffield South East,0.0,0.0,1.0,Urban
E14000921,"Sheffield, Brightside and Hillsborough",0.0,0.0,1.0,Urban
E14000922,"Sheffield, Hallam",0.02024615176731564,0.016665352956411094,0.9630884952762733,Urban
E14000923,"Sheffield, Heeley",0.0,0.0,1.0,Urban
E14000924,Sherwood,0.042472476974520425,0.5073134007313401,0.4502141222941395,Rural
E14000925,Shipley,0.0,0.1468281731321464,0.8531718268678536,Urban with rural areas
E14000926,Shrewsbury and Atcham,0.19218557874066325,0.1047275596909468,0.70308686156839,Urban with rural areas
E14000927,Sittingbourne and Sheppey,0.1292372705804367,0.10980652110867134,0.760956208310892,Urban with rural areas
E14000928,Skipton and Ripon,0.4043838779999801,0.19873779352770782,0.3968783284723121,Sparse and rural
E14000929,Sleaford and North Hykeham,0.2815170716599563,0.3522227895569488,0.36626013878309494,Rural
E14000930,Slough,0.0,0.0,1.0,Urban
E14000931,Solihull,0.0,0.0,1.0,Urban
E14000932,Somerton and Frome,0.41305495604812936,0.3260311785029502,0.2609138654489204,Sparse and rural
E14000933,South Basildon and East Thurrock,0.025696162758729036,0.10413966458505165,0.8701641726562194,Urban
E14000934,South Cambridgeshire,0.25911696858674266,0.5543880181830517,0.18649501323020556,Rural
E14000935,South Derbyshire,0.14177566869598457,0.29716299493758214,0.5610613363664333,Rural
E14000936,South Dorset,0.12303378543434622,0.19266513016048348,0.6843010844051703,Urban with rural areas
E14000937,South East Cambridgeshire,0.16284550575637635,0.4162163937657048,0.42093810047791885,Rural
E14000938,South East Cornwall,0.3410760109724803,0.47449340766303866,0.184430581364481,Sparse and rural
E14000939,South Holland and The Deepings,0.29448690456553217,0.23437986840417147,0.47113322703029636,Rural
E14000940,South Leicestershire,0.11428915127512307,0.34777177332790465,0.5379390753969723,Rural
E14000941,South Norfolk,0.41159205004071625,0.33802539620041344,0.2503825537588703,Sparse and rural
E14000942,South Northamptonshire,0.22112216657880865,0.36088231418028466,0.4179955192409067,Rural
E14000943,South Ribble,0.0948093753143547,0.1997585755960165,0.7054320490896289,Urban with rural areas
E14000944,South Shields,0.0,0.0,1.0,Urban
E14000945,South Staffordshire,0.08589931448596694,0.22655777684417622,0.6875429086698569,Urban with rural areas
E14000946,South Suffolk,0.37203522891516155,0.3359224714310967,0.2920422996537418,Sparse and rural
E14000947,South Swindon,0.0634565683596972,0.07492164158586433,0.8616217900544385,Urban
E14000948,South Thanet,0.0737078695990773,0.08781459173312565,0.8384775386677971,Urban with rural areas
E14000949,South West Bedfordshire,0.058354672656243174,0.045533599601471755,0.8961117277422851,Urban
E14000950,South West Devon,0.15116150686746455,0.08348054586406395,0.7653579472684715,Urban with rural areas
E14000951,South West Hertfordshire,0.06628864953833076,0.08083055246570263,0.8528807979959666,Urban with rural areas
E14000952,South West Norfolk,0.406455267172783,0.2060916673518422,0.3874530654753748,Sparse and rural
E14000953,South West Surrey,0.1265753066596964,0.14404137338735273,0.7293833199529508,Urban with rural areas
E14000954,South West Wiltshire,0.2181624552231581,0.0694646141930487,0.7123729305837933,Urban with rural areas
E14000955,"Southampton, Itchen",0.0,0.0,1.0,Urban
E14000956,"Southampton, Test",0.0,0.0,1.0,Urban
E14000957,Southend West,0.0,0.0,1.0,Urban
E14000958,Southport,0.0,0.0,1.0,Urban
E14000959,Spelthorne,0.0,0.0,1.0,Urban
E14000960,St Albans,0.0,0.0,1.0,Urban
E14000961,St Austell and Newquay,0.21799566480653046,0.30587095881566206,0.4761333763778075,Rural
E14000962,St Helens North,0.0,0.07160844841592201,0.9283915515840779,Urban
E14000963,St Helens South and Whiston,0.0,0.0,1.0,Urban
E14000964,St Ives,0.4085097102979661,0.22722785914329002,0.36426243055874385,Sparse and rural
E14000965,Stafford,0.12011243286653617,0.18193043216383076,0.6979571349696331,Urban with rural areas
E14000966,Staffordshire Moorlands,0.26703028453734073,0.04166348818877616,0.6913062272738831,Urban with rural areas
E14000967,Stalybridge and Hyde,0.0,0.0,1.0,Urban
E14000968,Stevenage,0.02418034037618384,0.0547999552404301,0.9210197043833861,Urban
E14000969,Stockport,0.0,0.0,1.0,Urban
E14000970,Stockton North,0.06115972393394133,0.0,0.9388402760660587,Urban
E14000971,Stockton South,0.01916383276655331,0.0,0.9808361672334467,Urban
E14000972,Stoke-on-Trent Central,0.0,0.0,1.0,Urban
E14000973,Stoke-on-Trent North,0.0,0.0,1.0,Urban
E14000974,Stoke-on-Trent South,0.0,0.0,1.0,Urban
E14000975,Stone,0.29073364421256753,0.2449789925666005,0.464287363220832,Rural
E14000976,Stourbridge,0.0,0.0,1.0,Urban
E14000977,Stratford-on-Avon,0.3381907705201404,0.3476926300350951,0.31411659944476455,Sparse and rural
E14000978,Streatham,0.0,0.0,1.0,Urban
E14000979,Stretford and Urmston,0.0,0.0,1.0,Urban
E14000980,Stroud,0.19758022883638857,0.03727273580566741,0.765147035357944,Urban with rural areas
E14000981,Suffolk Coastal,0.30503317252602286,0.22250146844999086,0.4724653590239863,Rural
E14000982,Sunderland Central,0.0,0.0,1.0,Urban
E14000983,Surrey Heath,0.0,0.11670683170847482,0.8832931682915252,Urban
E14000984,Sutton and Cheam,0.0,0.0,1.0,Urban
E14000985,Sutton Coldfield,0.0,0.0,1.0,Urban
E14000986,Tamworth,0.06374755841524175,0.03454254885780837,0.9017098927269499,Urban
E14000987,Tatton,0.19398082283678592,0.0509039175543912,0.7551152596088229,Urban with rural areas
E14000988,Taunton Deane,0.1987337554148617,0.05801399533488837,0.7432522492502499,Urban with rural areas
E14000989,Telford,0.0,0.0,1.0,Urban
E14000990,Tewkesbury,0.12876610818919554,0.06948435720869707,0.8017495346021074,Urban with rural areas
E14000991,The Cotswolds,0.35489461403661643,0.4016187903608392,0.24348659560254438,Sparse and rural
E14000992,The Wrekin,0.12075130491964983,0.14752784513583495,0.7317208499445153,Urban with rural areas
E14000993,Thirsk and Malton,0.4803375445100239,0.37835227549875616,0.14131017999121995,Sparse and rural
E14000994,Thornbury and Yate,0.20819701926572157,0.16358824063976735,0.6282147400945111,Urban with rural areas
E14000995,Thurrock,0.0,0.06968717762000122,0.9303128223799988,Urban
E14000996,Tiverton and Honiton,0.2842913841888376,0.39302873203061206,0.32267988378055035,Rural
E14000997,Tonbridge and Malling,0.1847542590777085,0.3604076876121418,0.45483805331014965,Rural
E14000998,Tooting,0.0,0.0,1.0,Urban
E14000999,Torbay,0.0,0.0,1.0,Urban
E14001000,Torridge and West Devon,0.4620315823523069,0.12481008439604388,0.4131583332516492,Sparse and rural
E14001001,Totnes,0.2557027352485808,0.30751763289179423,0.436779631859625,Rural
E14001002,Tottenham,0.0,0.0,1.0,Urban
E14001003,Truro and Falmouth,0.3051787662351028,0.109760615853282,0.5850606179116151,Urban with rural areas
E14001004,Tunbridge Wells,0.14206235895546446,0.17909086722240133,0.6788467738221342,Urban with rural areas
E14001005,Twickenham,0.0,0.0,1.0,Urban
E14001006,Tynemouth,0.0,0.030864197530864196,0.9691358024691358,Urban
E14001007,Uxbridge and South Ruislip,0.0,0.0,1.0,Urban
E14001008,Vauxhall,0.0,0.0,1.0,Urban
E14001009,Wakefield,0.02179359227651384,0.029064912316434814,0.9491414954070514,Urban
E14001010,Wallasey,0.0,0.0,1.0,Urban
E14001011,Walsall North,0.0,0.0,1.0,Urban
E14001012,Walsall South,0.0,0.0,1.0,Urban
E14001013,Walthamstow,0.0,0.0,1.0,Urban
E14001014,Wansbeck,0.044876714957305955,0.22734577376954812,0.7277775112731459,Urban with rural areas
E14001015,Wantage,0.162896074578143,0.31027398372663345,0.5268299416952236,Rural
E14001016,Warley,0.0,0.0,1.0,Urban
E14001017,Warrington North,0.0163503739877604,0.19078527126990996,0.7928643547423296,Urban with rural areas
E14001018,Warrington South,0.014067922657411998,0.0,0.985932077342588,Urban
E14001019,Warwick and Leamington,0.03494187683911004,0.042817880762544794,0.9222402423983451,Urban
E14001020,Washington and Sunderland West,0.0,0.0,1.0,Urban
E14001021,Watford,0.0,0.0,1.0,Urban
E14001022,Waveney,0.06418736180832993,0.09736285218117462,0.8384497860104955,Urban with rural areas
E14001023,Wealden,0.2675800249097703,0.1027482567706392,0.6296717183195906,Urban with rural areas
E14001024,Weaver Vale,0.09079900482177063,0.22459763535084437,0.684603359827385,Urban with rural areas
E14001025,Wellingborough,0.019981571673028827,0.134728620946865,0.8452898073801062,Urban with rural areas
E14001026,Wells,0.311941458360316,0.1519973356523026,0.5360612059873814,Urban with rural areas
E14001027,Welwyn Hatfield,0.03808900745976992,0.011410559227854339,0.9505004333123758,Urban
E14001028,Wentworth and Dearne,0.014321871092995599,0.0,0.9856781289070043,Urban
E14001029,West Bromwich East,0.0,0.0,1.0,Urban
E14001030,West Bromwich West,0.0,0.0,1.0,Urban
E14001031,West Dorset,0.3983230193675215,0.20381533153465795,0.3978616490978205,Sparse and rural
E14001032,West Ham,0.0,0.0,1.0,Urban
E14001033,West Lancashire,0.1689122341781835,0.12232138303840073,0.7087663827834157,Urban with rural areas
E14001034,West Suffolk,0.1788915415816474,0.27761852442359003,0.5434899339947625,Rural
E14001035,West Worcestershire,0.41296506235184993,0.1966917448211893,0.3903431928269607,Sparse and rural
E14001036,Westminster North,0.0,0.0,1.0,Urban
E14001037,Westmorland and Lonsdale,0.30698034069873703,0.34538510204559836,0.34763455725566467,Rural
E14001038,Weston-Super-Mare,0.10297830725462305,0.050346728307254625,0.8466749644381223,Urban
E14001039,Wigan,0.014276616574942731,0.03971218645147186,0.9460111969735854,Urban
E14001040,Wimbledon,0.0,0.0,1.0,Urban
E14001041,Winchester,0.14302917564127668,0.16151360877227336,0.69545721558645,Urban with rural areas
E14001042,Windsor,0.030513578215007105,0.06790977781102715,0.9015766439739658,Urban
E14001043,Wirral South,0.01890879132560859,0.0,0.9810912086743914,Urban
E14001044,Wirral West,0.0,0.0,1.0,Urban
E14001045,Witham,0.11823328348643453,0.4324396496475112,0.4493270668660543,Rural
E14001046,Witney,0.25740444492647524,0.30861419158916514,0.4339813634843596,Rural
E14001047,Woking,0.027160379541772736,0.0,0.9728396204582272,Urban
E14001048,Wokingham,0.11291258040704419,0.09210341312524166,0.7949840064677142,Urban with rural areas
E14001049,Wolverhampton North East,0.0,0.0,1.0,Urban
E14001050,Wolverhampton South East,0.0,0.0,1.0,Urban
E14001051,Wolverhampton South West,0.0,0.0,1.0,Urban
E14001052,Worcester,0.0,0.0,1.0,Urban
E14001053,Workington,0.24874620108308215,0.4048551096214215,0.34639868929549633,Rural
E14001054,Worsley and Eccles South,0.0,0.0,1.0,Urban
E14001055,Worthing West,0.0,0.0,1.0,Urban
E14001056,Wycombe,0.04444603942186056,0.027345887799319943,0.9282080727788194,Urban
E14001057,Wyre and Preston North,0.1676333347869696,0.18097771575596355,0.6513889494570668,Urban with rural areas
E14001058,Wyre Forest,0.0538843530027347,0.1526196799320769,0.7934959670651884,Urban with rural areas
E14001059,Wythenshawe and Sale East,0.0,0.0,1.0,Urban
E14001060,Yeovil,0.22474415106502996,0.21130480718436345,0.5639510417506066,Rural
E14001061,York Central,0.0,0.0,1.0,Urban
E14001062,York Outer,0.05665693144408095,0.2582998792557199,0.6850431893001991,Urban with rural areas
N06000001,Belfast East,0.0,0.0,1.0,Urban
N06000002,Belfast North,0.0,0.0,1.0,Urban
N06000003,Belfast South,0.0,0.047365711343744635,0.9526342886562553,Urban
N06000004,Belfast West,0.0,0.01712867627646655,0.9828713237235335,Urban
N06000005,East Antrim,0.1874108712234272,0.15032224543715939,0.6622668833394134,Urban with rural areas
N06000006,East Londonderry,0.45704295704295705,0.1859708918532448,0.35698615110379817,Sparse and rural
N06000007,Fermanagh and South Tyrone,0.6938316115040766,0.053988268989687324,0.2521801195062361,Sparse and rural
N06000008,Foyle,0.04889450045299459,0.09318194961158124,0.8579235499354242,Urban with rural areas
N06000009,Lagan Valley,0.29697260932244113,0.2328615596638046,0.47016583101375425,Rural
N06000010,Mid Ulster,0.715052277427779,0.1699183194975267,0.1150294030746943,Sparse and rural
N06000011,Newry and Armagh,0.5724856102334569,0.10330902694623141,0.32420536282031165,Sparse and rural
N06000012,North Antrim,0.4721716377008893,0.16005728328707058,0.3677710790120401,Sparse and rural
N06000013,North Down,0.048723318828470044,0.18846917626121776,0.7628075049103122,Urban with rural areas
N06000014,South Antrim,0.32727899758592943,0.23991263363605012,0.4328083687780205,Rural
N06000015,South Down,0.6224655951255385,0.2532128725006128,0.1243215323738488,Sparse and rural
N06000016,Strangford,0.3835246016895071,0.32015186094556153,0.2963235373649314,Sparse and rural
N06000017,Upper Bann,0.2542942262634413,0.05459524880909895,0.6911105249274597,Urban with rural areas
N06000018,West Tyrone,0.6258592856302854,0.022312026256989213,0.35182868811272544,Sparse and rural
S14000001,Aberdeen North,0.0,0.060913808893863844,0.9390861911061361,Urban
S14000002,Aberdeen South,0.005749772362215197,0.07916679455306262,0.9150834330847222,Urban
S14000003,Airdrie and Shotts,0.20456394834601097,0.1252196473848694,0.6702164042691197,Urban with rural areas
S14000004,Angus,0.2577621285079691,0.15385512248015018,0.5883827490118807,Urban with rural areas
S14000005,Argyll and Bute,0.46974496331664145,0.35218353324793295,0.17807150343542563,Sparse and rural
S14000006,"Ayr, Carrick and Cumnock",0.27768425916757433,0.24988172646356624,0.4724340143688594,Rural
S14000007,Banff and Buchan,0.5211800384795157,0.14643955781166776,0.3323804037088166,Sparse and rural
S14000008,"Berwickshire, Roxburgh and Selkirk",0.49319985683909134,0.20707804374828945,0.29972209941261924,Sparse and rural
S14000009,"Caithness, Sutherland and Easter Ross",0.539046108605508,0.46095389139449205,0.0,Sparse and rural
S14000010,Central Ayrshire,0.16574542536831077,0.0,0.8342545746316892,Urban
S14000011,"Coatbridge, Chryston and Bellshill",0.0918596647501822,0.11329864766377844,0.7948416875860393,Urban with rural areas
S14000012,"Cumbernauld, Kilsyth and Kirkintilloch East",0.07250399528976365,0.1044542974898766,0.8230417072203597,Urban with rural areas
S14000013,Dumfries and Galloway,0.32720749743739935,0.22317636968391105,0.4496161328786896,Rural
S14000014,"Dumfriesshire, Clydesdale and Tweeddale",0.6500167927084901,0.32010376735729096,0.029879439934218908,Sparse and rural
S14000015,Dundee East,0.05565336788138502,0.0,0.944346632118615,Urban
S14000016,Dundee West,0.06436573421882337,0.0,0.9356342657811766,Urban
S14000017,Dunfermline and West Fife,0.1648510546833019,0.07205455629048489,0.7630943890262132,Urban with rural areas
S14000018,East Dunbartonshire,0.03181065571911361,0.0,0.9681893442808864,Urban
S14000019,"East Kilbride, Strathaven and Lesmahagow",0.061051875157800695,0.1924585833867428,0.7464895414554565,Urban with rural areas
S14000020,East Lothian,0.2572415725091045,0.3054813708095994,0.43727705668129613,Rural
S14000021,East Renfrewshire,0.026651313723437663,0.09206531979482885,0.8812833664817334,Urban
S14000022,Edinburgh East,0.0,0.0,1.0,Urban
S14000023,Edinburgh North and Leith,0.0,0.0,1.0,Urban
S14000024,Edinburgh South,0.0,0.0,1.0,Urban
S14000025,Edinburgh South West,0.0063367721002769535,0.0,0.9936632278997231,Urban
S14000026,Edinburgh West,0.0395550190438529,0.1679917580702229,0.7924532228859242,Urban with rural areas
S14000027,Na h-Eileanan an Iar,0.7059505988023952,0.2940494011976048,0.0,Sparse and rural
S14000028,Falkirk,0.0723394741548918,0.02770524056519406,0.8999552852799142,Urban
S14000029,Glasgow Central,0.0,0.0,1.0,Urban
S14000030,Glasgow East,0.015599658557405036,0.0,0.9844003414425949,Urban
S14000031,Glasgow North,0.0,0.0,1.0,Urban
S14000032,Glasgow North East,0.0,0.0,1.0,Urban
S14000033,Glasgow North West,0.0,0.0,1.0,Urban
S14000034,Glasgow South,0.020178261946026243,0.0,0.9798217380539738,Urban
S14000035,Glasgow South West,0.0,0.0,1.0,Urban
S14000036,Glenrothes,0.08056071800915643,0.07160826798422555,0.847831014006618,Urban with rural areas
S14000037,Gordon,0.3251093245746367,0.12908893005136823,0.5458017453739951,Urban with rural areas
S14000038,Inverclyde,0.00967866323907455,0.13529562982005142,0.855025706940874,Urban with rural areas
S14000039,"Inverness, Nairn, Badenoch and Strathspey",0.2938161391297769,0.1313467558136236,0.5748371050565995,Urban with rural areas
S14000040,Kilmarnock and Loudoun,0.22749819903262325,0.25179582175568593,0.5207059792116908,Rural
S14000041,Kirkcaldy and Cowdenbeath,0.05512897420515897,0.190251949610078,0.7546190761847631,Urban with rural areas
S14000042,Lanark and Hamilton East,0.1358578661734833,0.1449130360084488,0.7192290978180679,Urban with rural areas
S14000043,Linlithgow and East Falkirk,0.09166900994401697,0.009066353093552153,0.8992646369624309,Urban
S14000044,Livingston,0.07709057336712742,0.15649795754836124,0.7664114690845113,Urban with rural areas
S14000045,Midlothian,0.17034393251135627,0.07428077006272983,0.7553752974259139,Urban with rural areas
S14000046,Moray,0.4076810686704237,0.22733249843456482,0.3649864328950115,Sparse and rural
S14000047,Motherwell and Wishaw,0.0,0.06404098282087056,0.9359590171791294,Urban
S14000048,North Ayrshire and Arran,0.11897559111014033,0.27415497187790094,0.6068694370119587,Rural
S14000049,North East Fife,0.39572908251238953,0.3261186741104265,0.27815224337718397,Sparse and rural
S14000050,Ochil and South Perthshire,0.39884988413011757,0.402073260282856,0.1990768555870264,Sparse and rural
S14000051,Orkney and Shetland,0.6955963708785129,0.30440362912148705,0.0,Sparse and rural
S14000052,Paisley and Renfrewshire North,0.04704831932773109,0.16343487394957984,0.7895168067226891,Urban with rural areas
S14000053,Paisley and Renfrewshire South,0.061764004767580455,0.0,0.9382359952324195,Urban
S14000054,Perth and North Perthshire,0.36247224503452263,0.15036854538633898,0.4871592095791384,Sparse and rural
S14000055,"Ross, Skye and Lochaber",0.7360256483984128,0.11682672954166427,0.14714762205992293,Sparse and rural
S14000056,Rutherglen and Hamilton West,0.0,0.0,1.0,Urban
S14000057,Stirling,0.3357817641439338,0.13637618087251885,0.5278420549835474,Urban with rural areas
S14000058,West Aberdeenshire and Kincardine,0.47807198155163894,0.29346483281172786,0.22846318563663318,Sparse and rural
S14000059,West Dunbartonshire,0.006926796356685033,0.0,0.993073203643315,Urban
W07000041,Ynys MÃ´n,0.42312579415501905,0.40582213782961896,0.171052068015362,Sparse and rural
W07000042,Delyn,0.26073930349678287,0.0789807826744468,0.6602799138287704,Urban with rural areas
W07000043,Alyn and Deeside,0.04155475717092795,0.19783273454486264,0.7606125082842095,Urban with rural areas
W07000044,Wrexham,0.023143859649122807,0.16997894736842106,0.8068771929824562,Urban with rural areas
W07000045,Llanelli,0.07393531707083523,0.23908984272137504,0.6869748402077898,Urban with rural areas
W07000046,Gower,0.14246853532567819,0.21076317504888933,0.6467682896254325,Urban with rural areas
W07000047,Swansea West,0.0,0.0,1.0,Urban
W07000048,Swansea East,0.0,0.0,1.0,Urban
W07000049,Aberavon,0.05211073167187386,0.10855191455351304,0.839337353774613,Urban with rural areas
W07000050,Cardiff Central,0.0,0.0,1.0,Urban
W07000051,Cardiff North,0.0,0.0,1.0,Urban
W07000052,Rhondda,0.0,0.1034284976842226,0.8965715023157774,Urban
W07000053,Torfaen,0.0,0.07674100505501041,0.9232589949449896,Urban
W07000054,Monmouth,0.26053078139610053,0.14791000496381035,0.5915592136400891,Urban with rural areas
W07000055,Newport East,0.013631677884906919,0.14550967194227155,0.8408586501728216,Urban with rural areas
W07000056,Newport West,0.0,0.12408127012323748,0.8759187298767626,Urban
W07000057,Arfon,0.2902108703074447,0.4183588859804575,0.2914302437120978,Rural
W07000058,Aberconwy,0.12584281055139665,0.3101711813711408,0.5639860080774626,Rural
W07000059,Clwyd West,0.22865538444795125,0.11767426674647657,0.6536703488055722,Urban with rural areas
W07000060,Vale of Clwyd,0.10345493414247293,0.24870008964898974,0.6478449762085373,Urban with rural areas
W07000061,Dwyfor Meirionnydd,0.5358190728434808,0.4641809271565191,0.0,Sparse and rural
W07000062,Clwyd South,0.21695481661511268,0.24145216526734423,0.5415930181175431,Rural
W07000063,Montgomeryshire,0.6363650733434497,0.1862512645422357,0.1773836621143146,Sparse and rural
W07000064,Ceredigion,0.6044707338881629,0.16552720269619645,0.2300020634156407,Sparse and rural
W07000065,Preseli Pembrokeshire,0.4369253956292389,0.19420999748806833,0.3688646068826928,Sparse and rural
W07000066,Carmarthen West and South Pembrokeshire,0.41109990166907173,0.4025693743854317,0.18633072394549657,Sparse and rural
W07000067,Carmarthen East and Dinefwr,0.5159746156791947,0.17634990973247988,0.3076754745883254,Sparse and rural
W07000068,Brecon and Radnorshire,0.4760376458342369,0.42678290034841193,0.0971794538173512,Sparse and rural
W07000069,Neath,0.06644295302013423,0.20484563758389263,0.7287114093959731,Urban with rural areas
W07000070,Cynon Valley,0.024450083416282298,0.30321468126568435,0.6723352353180333,Urban with rural areas
W07000071,Merthyr Tydfil and Rhymney,0.033229667572653145,0.2631716495923061,0.7035986828350408,Urban with rural areas
W07000072,Blaenau Gwent,0.0,0.10376170164037675,0.8962382983596232,Urban
W07000073,Bridgend,0.0,0.0,1.0,Urban
W07000074,Ogmore,0.05408618879570953,0.5386104048874891,0.4073034063168014,Rural
W07000075,Pontypridd,0.0,0.13694637285019715,0.8630536271498028,Urban with rural areas
W07000076,Caerphilly,0.017661719723575393,0.1578679052905857,0.8244703749858389,Urban with rural areas
W07000077,Islwyn,0.03779225356709267,0.07215122123154445,0.8900565252013629,Urban
W07000078,Vale of Glamorgan,0.14752626293835933,0.09864050672022247,0.7538332303414182,Urban with rural areas
W07000079,Cardiff West,0.0,0.051872066600123175,0.9481279333998768,Urban
W07000080,Cardiff South and Penarth,0.0,0.0,1.0,Urban
